<?xml version="1.0" encoding="utf-8"?>
<theme>
    <name>Platinum Pro</name>
    <key>platinum_pro</key>
    <version>1.0</version>
    <compatibility>1.5 and higher</compatibility>
    <description>The original "Platinum Pro" theme for SkaDate Dating Software.</description>
    <author>Skalfa</author>
    <authorEmail>info@skalfa.com</authorEmail>
    <authorUrl>http://www.skalfa.com/</authorUrl>
    <developerKey>99d6bdd5bb6468beaf118c4664dd92ff</developerKey>
    <build>11080</build>
    <copyright>(C) 2014 Skalfa LLC. All rights reserved.</copyright>
    <license>SEL</license>
    <licenseUrl>http://www.skadate.com/sel.pdf</licenseUrl>
    <sidebarPosition>right</sidebarPosition>
    <masterPages>
       <base_index_page>index</base_index_page>
    </masterPages>
</theme>
