<?xml version="1.0" encoding="utf-8"?>
<prefix name="slpremiumtheme" label="SkaDate premium theme support" language_tag="en" language_label="English">
<key name="hotest_users_title"><value>New&#x3C;span class=&#x22;thin&#x22;&#x3E;Users&#x3C;/span&#x3E;</value></key>

<key name="story_slider_pic_1"><value>ow_static/themes/platinum_pro/images/story_slider_pic_1.png</value></key>
<key name="story_slider_pic_text_1"><value>Sweet stories from our &#x3C;span class=&#x22;thin&#x22;&#x3E;lovers&#x3C;/span&#x3E;</value></key>
<key name="story_slider_title_1"><value>Kate&#x3C;span class=&#x22;thin&#x22;&#x3E;&#x26;&#x3C;/span&#x3E;Leo</value></key>
<key name="story_slider_read_more_1"><value>&#x3C;a href=&#x22;#&#x22;&#x3E;Read More&#x3C;/a&#x3E;</value></key>
<key name="story_slider_cont_1"><value>To say that American Apparel has a tumultuous history would be an understatement. While originally founded in the late ’80s with the humble intention of providing blank garments to screen printers and boutique labels, the brand quickly outgrew its wholesale roots and found a place within the wider retail landscape. The entire industry — from streetwear and high fashion labels to big box stores — was quick to notice the young brand, full of sass, attitude and seemingly unstoppable in its growth.</value></key>

<key name="story_slider_pic_2"><value>ow_static/themes/platinum_pro/images/story_slider_pic_2.png</value></key>
<key name="story_slider_pic_text_2"><value>Sweet stories from our &#x3C;span class=&#x22;thin&#x22;&#x3E;lovers&#x3C;/span&#x3E;</value></key>
<key name="story_slider_title_2"><value>Nicole&#x3C;span class=&#x22;thin&#x22;&#x3E;&#x26;&#x3C;/span&#x3E;Robert</value></key>
<key name="story_slider_read_more_2"><value>&#x3C;a href=&#x22;#&#x22;&#x3E;Read More&#x3C;/a&#x3E;</value></key>
<key name="story_slider_cont_2"><value>To say that American Apparel has a tumultuous history would be an understatement. While originally founded in the late ’80s with the humble intention of providing blank garments to screen printers and boutique labels, the brand quickly outgrew its wholesale roots and found a place within the wider retail landscape. The entire industry — from streetwear and high fashion labels to big box stores — was quick to notice the young brand, full of sass, attitude and seemingly unstoppable in its growth.</value></key>

<key name="bottom_banner_cont"><value>Join our growing site, and find your soul mate</value></key>

<key name="footer_block_title_1"><value>Company</value></key>
<key name="footer_block_title_2"><value>Business</value></key>
<key name="footer_block_links_2"><value>&#x3C;ul&#x3E;&#x3C;li&#x3E;&#x3C;a href=&#x22;#&#x22;&#x3E;App promotion&#x3C;/a&#x3E;&#x3C;/li&#x3E;&#x3C;li&#x3E;&#x3C;a href=&#x22;#&#x22;&#x3E;Affiliate Programs&#x3C;/a&#x3E;&#x3C;/li&#x3E;&#x3C;li&#x3E;&#x3C;a href=&#x22;#&#x22;&#x3E;Partnerships&#x3C;/a&#x3E;&#x3C;/li&#x3E;&#x3C;/ul&#x3E;</value></key>
<key name="footer_block_title_3"><value>Contact</value></key>
<key name="footer_block_links_3"><value>&#x3C;ul&#x3E;&#x3C;li&#x3E;&#x3C;a href=&#x22;#&#x22;&#x3E;Contact &#x26; support&#x3C;/a&#x3E;&#x3C;/li&#x3E;&#x3C;li&#x3E;&#x3C;a href=&#x22;#&#x22;&#x3E;Legal Notice&#x3C;/a&#x3E;&#x3C;/li&#x3E;&#x3C;/ul&#x3E;</value></key>
<key name="footer_block_title_4"><value>Follow Us</value></key>
<key name="footer_block_soc_links_4"><value>&#x3C;ul&#x3E;&#x3C;li&#x3E;&#x3C;a class=&#x22;fb&#x22; href=&#x22;#&#x22;&#x3E;&#x3C;/a&#x3E;&#x3C;/li&#x3E;&#x3C;li&#x3E;&#x3C;a class=&#x22;inst&#x22; href=&#x22;#&#x22;&#x3E;&#x3C;/a&#x3E;&#x3C;/li&#x3E;&#x3C;li&#x3E;&#x3C;a class=&#x22;pi&#x22; href=&#x22;#&#x22;&#x3E;&#x3C;/a&#x3E;&#x3C;/li&#x3E;&#x3C;li&#x3E;&#x3C;a class=&#x22;twitt&#x22; href=&#x22;#&#x22;&#x3E;&#x3C;/a&#x3E;&#x3C;/li&#x3E;&#x3C;li&#x3E;&#x3C;a class=&#x22;ytb&#x22; href=&#x22;#&#x22;&#x3E;&#x3C;/a&#x3E;&#x3C;/li&#x3E;&#x3C;li&#x3E;&#x3C;a class=&#x22;gplus&#x22; href=&#x22;#&#x22;&#x3E;&#x3C;/a&#x3E;&#x3C;/li&#x3E;&#x3C;/ul&#x3E;</value></key>

<key name="slogan_page"><value>Join our growing site,&#x3C;br&#x3E;&#x3C;span&#x3E;&#x26;amp;&#x3C;/span&#x3E; meet dozens of singles today!</value></key>
<key name="mosaic_promo_info_2"><value>&lt;h1&gt;Why Us?&lt;/h1&gt; &lt;div class="index_border"&gt;&lt;/div&gt; &lt;p&gt; Welcome to {$site_name}. We are one of the fastest growing online dating websites on the net. Here you can get in touch with all kinds of attractive single women and men. Join us, and you are almost guaranteed to meet your preferred match. &lt;/p&gt;</value></key>
<key name="mosaic_promo_info_3"><value>&lt;h1&gt;Benefits&lt;/h1&gt; &lt;div class="index_border"&gt;&lt;/div&gt; &lt;p&gt;Extensive search options will guide you to a person of your dreams, while great photo galleries, instant messaging, gifts, winks, etc., make it extremely easy to strike a conversation and have fun!&lt;/p&gt;</value></key>
<key name="paramount_promo_info_2"><value>&lt;h1&gt;Why Us?&lt;/h1&gt; &lt;p&gt; Welcome to {$site_name}. We are one of the fastest growing online dating websites on the net. Here you can get in touch with all kinds of attractive single women and men. Join us, and you are almost guaranteed to meet your preferred match. &lt;/p&gt;</value></key>
<key name="paramount_promo_info_3"><value>&lt;h1&gt;Benefits&lt;/h1&gt;&#13;
&lt;p&gt;Extensive search options will guide you to a person of your dreams, while great photo galleries, instant messaging, gifts, winks, etc., make it extremely easy to strike a conversation and have fun!&lt;/p&gt;</value></key>
<key name="salaam_index_promo"><value>Welcome to {$site_name}.</value></key>
<key name="ucarousel_settings_list"><value>Users</value></key>
<key name="ucarousel_settings_list_featured"><value>Featured</value></key>
<key name="ucarousel_settings_list_latest"><value>Latest</value></key>
<key name="ucarousel_settings_list_online"><value>Online</value></key>
<key name="ucarousel_widget_title"><value>User Carousel</value></key>
<key name="paramount_promo_info_1"><value>&lt;h1&gt;Join now!&lt;/h1&gt; &#13;
&lt;h1&gt;It's 100% free&lt;/h1&gt; &#13;
&lt;h4&gt;{$site_name} offers its members cutting edge technology!&lt;/h4&gt;&#13;
 &lt;p&gt;Change your profile to let other potential mates see the real you, smiles and all!&lt;/p&gt; &#13;
&lt;ul&gt; &lt;li&gt;&lt;a href="#"&gt;It takes only a few minutes to register&lt;/a&gt;&lt;/li&gt;&#13;
 &lt;li&gt;&lt;a href="#"&gt;Find local singles in your area&lt;/a&gt;&lt;/li&gt;&#13;
 &lt;li&gt;&lt;a href="#"&gt;Private, safe, anonymous emails&lt;/a&gt;&lt;/li&gt; &#13;
&lt;/ul&gt;</value></key>
<key name="ow_salaam_index_widget"><value>&lt;h1&gt;Join now!&lt;/h1&gt; &#13;
&lt;h1&gt;It's 100% free&lt;/h1&gt;&#13;
 &lt;h4&gt;{$site_name} offers its members cutting edge technology!&lt;/h4&gt;&#13;
 &lt;p&gt;You can upload your own video to let other potential mates see the real you, smiles and all!&lt;/p&gt; &lt;ul&gt; &lt;li&gt;&lt;a href="#"&gt;It takes only a few minutes to register&lt;/a&gt;&lt;/li&gt; &#13;
&lt;li&gt;&lt;a href="#"&gt;Find local singles in your area&lt;/a&gt;&lt;/li&gt; &#13;
&lt;li&gt;&lt;a href="#"&gt;Private, safe, anonymous emails&lt;/a&gt;&lt;/li&gt; &#13;
&lt;/ul&gt;</value></key>
<key name="mosaic_promo_info_1"><value>&lt;h1&gt;Join now!&lt;/h1&gt;&#13;
&lt;h1&gt;It's 100% free&lt;/h1&gt;&#13;
&lt;div class="index_border"&gt;&lt;/div&gt; &#13;
&lt;h4&gt;{$site_name} offers its members cutting edge technology!&lt;/h4&gt; &#13;
&lt;p&gt;Change your profile to let other potential mates see the real you, smiles and all!&lt;/p&gt;&#13;
&lt;div class="index_border"&gt;&lt;/div&gt; &#13;
&lt;div&gt;It takes only a few minutes to register&lt;/div&gt; &#13;
&lt;div&gt;Find local singles in your area&lt;/div&gt; &#13;
&lt;div&gt;Private, safe, anonymous emails&lt;/div&gt;</value></key>
</prefix>
