<?xml version="1.0" encoding="utf-8"?>
<prefix name="videoim" label="Video Instant Messenger" language_tag="en" language_label="English"><key name="accept"><value>Accept</value></key><key name="add_server_config"><value>Add server</value></key><key name="admin_config"><value>Video Instant Messenger - Plugin Settings</value></key><key name="admin_menu_server_list_label"><value>Server list</value></key><key name="admin_menu_settings_label"><value>Settings</value></key><key name="admin_server_info"><value>Server info</value></key><key name="admin_server_password"><value>Password</value></key><key name="admin_server_url"><value>Url</value></key><key name="admin_server_user"><value>User</value></key><key name="admin_settings_description"><value>Here you can configure the list of &lt;a href="https://en.wikipedia.org/wiki/STUN" target="_blank"&gt;STUN&lt;/a&gt; and &lt;a href="https://en.wikipedia.org/wiki/Traversal_Using_Relays_around_NAT" target="_blank"&gt;TURN&lt;/a&gt; servers for assisting the communication between browsers.</value></key><key name="attempted_call"><value>Attempted call to</value></key><key name="auth_action_label_video_im_call"><value>Call</value></key><key name="auth_action_label_video_im_preferences"><value>Change preferences</value></key><key name="auth_action_label_video_im_receive"><value>Answer</value></key><key name="auth_group_label"><value>Video Instant Messenger</value></key><key name="block"><value>Block</value></key><key name="block_user_confirmation"><value>Are you sure you want to block this user?</value></key><key name="both"><value>Both</value></key><key name="calling"><value>Calling to</value></key><key name="call_ended"><value>Call ended with</value></key><key name="call_ended_user_ran_out_credits"><value>Call ended. {$username} ran out of credits</value></key><key name="call_ended_you_ran_out_credits"><value>Your call ended. You ran out of credits</value></key><key name="chat_call_title"><value>Video call</value></key><key name="chat_no_response"><value>No response</value></key><key name="chat_session_is_over"><value>Chat session is over</value></key><key name="confirm_delete_server"><value>Are you sure you want to delete this server configuration?</value></key><key name="connecting"><value>Connecting</value></key><key name="decline"><value>Decline</value></key><key name="delete_server_config"><value>Delete server</value></key><key name="does_not_accept_incoming_calls"><value>The user doesn't have enough permissions to accept incoming video calls</value></key><key name="enter_or_leave_fullscreen"><value>Fullscreen on/off</value></key><key name="from_whom_track_credits"><value>Who must be tracked by "Timed video call" action</value></key><key name="hangup"><value>Hang up</value></key><key name="incoming_call"><value>Incoming call from</value></key><key name="incoming_call_from"><value>Incoming call from</value></key><key name="initiator"><value>Initiator</value></key><key name="interlocutor"><value>Interlocutor</value></key><key name="missed_incoming_call_from"><value>You have missed incoming call from &lt;a href="{$url}"&gt;{$name}&lt;/a&gt;</value></key><key name="mobile_timed_call_info"><value>{{amount}} credits per minute</value></key><key name="mute_or_enable_audio"><value>Audio on/off</value></key><key name="mute_or_enable_video"><value>Video on/off</value></key><key name="no_answer"><value>No answer</value></key><key name="preference_decline_calls_label"><value>Decline incoming video calls</value></key><key name="preference_section_videoim"><value>Video Instant Messenger</value></key><key name="privacy_action_send_call_request"><value>Who can send me video calls</value></key><key name="request_blocked"><value>You have been blocked</value></key><key name="request_declined"><value>Your request has been declined</value></key><key name="safari_supports_webrtc"><value>Your device supports webRTC only through the Safari browser.</value></key><key name="send_request_error_declined"><value>The person you are trying to reach has declined all incoming calls</value></key><key name="send_request_error_not_logged"><value>You are not logged in to proceed further</value></key><key name="send_request_error_not_online"><value>The person you are trying to reach is not online</value></key><key name="send_request_error_no_permission"><value>The person you are trying to reach does not have permissions to receive incoming calls</value></key><key name="send_request_error_privacy"><value>The privacy settings of the person you are trying to reach does not allow you to send call requests</value></key><key name="send_request_error_same_person"><value>You cannot send request to yourself</value></key><key name="send_request_error_user_blocked"><value>The person you are trying to reach has blocked you</value></key><key name="send_request_error_webrtc_not_supported"><value>The web browser of the person you are trying to reach does not support WebRtc technology.</value></key><key name="session_closed"><value>The person you are calling has left the chat</value></key><key name="session_close_confirm"><value>Are you sure you want to close the chat session?</value></key><key name="settings_saved"><value>Settings saved</value></key><key name="settings_updated"><value>Settings updated</value></key><key name="settings_update_unavailable"><value>Modifying STUN/TURN server list is unavailable</value></key><key name="share_media_devices_error"><value>Please enable your camera and microphone to proceed</value></key><key name="sound_off"><value>Sound off</value></key><key name="sound_on"><value>Sound on</value></key><key name="talking"><value>Talking to</value></key><key name="timed_call_info"><value>{$amount} credits per minute</value></key><key name="unsupported_notification"><value>Unsupported notification</value></key><key name="usercredits_action_video_im_call"><value>Make a video call</value></key><key name="usercredits_action_video_im_receive"><value>Answer video call</value></key><key name="usercredits_action_video_im_timed_call"><value>Timed video call: cost per minute</value></key><key name="user_browser_doesnt_support_webrtc"><value>Your browser doesn't support webRTC technology.</value></key><key name="videoim"><value>Video Instant Messenger</value></key><key name="videoim_make_call_label"><value>Video call</value></key><key name="webrtc_not_supported"><value>Your browser does not support WebRTC.</value></key></prefix>
