<?xml version="1.0" encoding="utf-8"?>
<prefix name="lpage" label="Landing page" language_tag="en" language_label="English"><key name="admin_section_label"><value>Settings</value></key><key name="admin_settings_heading"><value>Landing Page settings</value></key><key name="admin_uninstall_blocked_heading"><value>Landing Page uninstall</value></key><key name="deactivate_blocked"><value>You can't deactivate the plugin.</value></key><key name="email_html_description"><value>Here are your latest matches. Please open your application to see</value></key><key name="email_verify_template_html"><value>Dear {$username},&lt;br /&gt;
&lt;br /&gt;
Thank you for registering at {$site_name}! Now you need to verify your email by insert this  code: {$code} at your application: &lt;br /&gt;
&lt;br /&gt;
Thank you,&lt;br /&gt;
{$site_name} administration</value></key><key name="email_verify_template_text"><value>Dear {$username},
Thank you for registering at {$site_name}! Now you need to verify your email by insert this  code: {$code} at your application:

Thank you,{$site_name} administration</value></key><key name="html_code_value"><value>&lt;div style="height:300px;background:red;text-align:center;padding-top:300px;font-size:30px;"&gt;TEST&lt;/div</value></key><key name="reset_password_mail_template_content_html"><value>Dear {$username},&#13;
&lt;br /&gt;&#13;
You requested to reset your password. &#13;
&lt;br /&gt;&#13;
Please enter the code into your application. Code: {$code}&#13;
&lt;br /&gt;&#13;
If you didn't request password reset, please ignore this email.&#13;
&lt;br /&gt;&lt;br /&gt;&#13;
Thank you,&#13;
{$site_name}&lt;br /&gt;</value></key><key name="reset_password_mail_template_content_txt"><value>Dear {$username},&#13;
&#13;
You requested to reset your password. Please enter the code into your application. Code: {$code}&#13;
&#13;
If you didn't request password reset, please ignore this email.&#13;
&#13;
Thank you,&#13;
{$site_name}</value></key><key name="settings_bg_code_desc"><value>Change your landing page background image. Image minimal size: 1920x1080 px.</value></key><key name="settings_bg_code_label"><value>Image</value></key><key name="settings_html_code_desc"><value>HTML allowed</value></key><key name="settings_html_code_label"><value>Landing page code</value></key><key name="settings_label_desc"><value>Change your welcome text.</value></key><key name="settings_label_label"><value>Text</value></key><key name="settings_logo_code_desc"><value>Change your landing page logo. Logo maximum height: 68 px.</value></key><key name="settings_logo_code_label"><value>Logo</value></key><key name="uninstall_blocked"><value>You can't uninstall the plugin.</value></key></prefix>
